SPRATLY ISLANDS,1S
SPRATLY ISLANDS,BV9S
FIJI ISLANDS,3D2
CONWAY REEF,3D2/C
ROTUMA,3D2/R
VIET NAM,3W
VIET NAM,XV
BOUVET ISLAND,3Y
SRI LANKA,4S
SRI LANKA,4P
SRI LANKA,4Q
SRI LANKA,4R
CYPRUS,C4
CYPRUS,H2
MADAGASCAR,6X
SAMOA,5W
CROATIA,9A
KUWAIT,9K
SIERRA LEONE,9L
NEPAL,9N
SINGAPORE,S6
TRINIDAD & TOBAGO,9Y
TRINIDAD & TOBAGO,9Z
TONGA,A3
OMAN,A4
BHUTAN,A5
QATAR,A7
BAHRAIN,A9
TAIWAN,BV
TAIWAN,BM
TAIWAN,BN
TAIWAN,BO
TAIWAN,BP
TAIWAN,BQ
TAIWAN,BU
TAIWAN,BW
TAIWAN,BX
CHINA,BY
CHINA,3H
CHINA,3I
CHINA,3J
CHINA,3K
CHINA,3L
CHINA,3M
CHINA,3N
CHINA,3O
CHINA,3P
CHINA,3Q
CHINA,3R
CHINA,3S
CHINA,3T
CHINA,3U
CHINA,B1
CHINA,B2
CHINA,B3
CHINA,B4
CHINA,B5
CHINA,B6
CHINA,B7
CHINA,B8
CHINA,BA
CHINA,BD
CHINA,BG
CHINA,BH
CHINA,BI
CHINA,BL
CHINA,BT
CHINA,BZ
CHINA,XS
ANDORRA,C3
CHILE,CE
CHILE,3G
CHILE,CA
CHILE,CB
CHILE,CC
CHILE,CD
CHILE,XQ
CHILE,XR
EASTER ISLAND,CE0Y
EASTER ISLAND,3G0
EASTER ISLAND,CA0
EASTER ISLAND,CB0
EASTER ISLAND,CC0
EASTER ISLAND,CD0
EASTER ISLAND,CE0
EASTER ISLAND,XQ0
EASTER ISLAND,XR0
JUAN FERNANDEZ ISLANDS,CE0Z
JUAN FERNANDEZ ISLANDS,3G0Z
JUAN FERNANDEZ ISLANDS,CA0Z
JUAN FERNANDEZ ISLANDS,CB0Z
JUAN FERNANDEZ ISLANDS,CC0Z
JUAN FERNANDEZ ISLANDS,CD0Z
JUAN FERNANDEZ ISLANDS,CE0I
JUAN FERNANDEZ ISLANDS,XQ0Z
JUAN FERNANDEZ ISLANDS,XR0Z
ANTARCTICA,AX0
ANTARCTICA,LU1Z
ANTARCTICA,VH0
ANTARCTICA,VL0
ANTARCTICA,VM0
ANTARCTICA,VN0
ANTARCTICA,VZ0
ANTARCTICA,ZM5
CUBA,CM
CUBA,CL
CUBA,CO
CUBA,T4
MOROCCO,5C
MOROCCO,5D
MOROCCO,5E
MOROCCO,5F
MOROCCO,5G
BOLIVIA,CP
PORTUGAL,CT
PORTUGAL,CQ
PORTUGAL,CS
MADEIRA ISLANDS,CT3
MADEIRA ISLANDS,CQ3
MADEIRA ISLANDS,CQ9
MADEIRA ISLANDS,CS3
MADEIRA ISLANDS,CS9
MADEIRA ISLANDS,CT9
URUGUAY,CX
URUGUAY,CV
URUGUAY,CW
SABLE ISLAND,CY0
SAINT PAUL ISLAND,CY9
FEDERAL REPUBLIC OF GERMANY,DL
FEDERAL REPUBLIC OF GERMANY,DA
FEDERAL REPUBLIC OF GERMANY,DB
FEDERAL REPUBLIC OF GERMANY,DC
FEDERAL REPUBLIC OF GERMANY,DD
FEDERAL REPUBLIC OF GERMANY,DF
FEDERAL REPUBLIC OF GERMANY,DG
FEDERAL REPUBLIC OF GERMANY,DH
FEDERAL REPUBLIC OF GERMANY,DI
FEDERAL REPUBLIC OF GERMANY,DJ
FEDERAL REPUBLIC OF GERMANY,DK
FEDERAL REPUBLIC OF GERMANY,DM
FEDERAL REPUBLIC OF GERMANY,DN
FEDERAL REPUBLIC OF GERMANY,DO
FEDERAL REPUBLIC OF GERMANY,DP
FEDERAL REPUBLIC OF GERMANY,DQ
FEDERAL REPUBLIC OF GERMANY,DR
PHILIPPINES,DU
PHILIPPINES,4D
PHILIPPINES,4E
PHILIPPINES,4F
PHILIPPINES,4G
PHILIPPINES,4H
PHILIPPINES,4I
PHILIPPINES,DV
PHILIPPINES,DW
PHILIPPINES,DX
PHILIPPINES,DY
PHILIPPINES,DZ
BOSNIA-HERZEGOVINA,E7
BOSNIA-HERZEGOVINA,T9
SPAIN,EA
SPAIN,AM
SPAIN,AN
SPAIN,AO
SPAIN,EB
SPAIN,EC
SPAIN,ED
SPAIN,EE
SPAIN,EF
SPAIN,EG
SPAIN,EH
BALEARIC ISLANDS,AM6
BALEARIC ISLANDS,AN6
BALEARIC ISLANDS,AO6
BALEARIC ISLANDS,EB6
BALEARIC ISLANDS,EC6
BALEARIC ISLANDS,ED6
BALEARIC ISLANDS,EE6
BALEARIC ISLANDS,EF6
BALEARIC ISLANDS,EG6
BALEARIC ISLANDS,EH6
CANARY ISLANDS,EA8
CANARY ISLANDS,AM8
CANARY ISLANDS,AN8
CANARY ISLANDS,AO8
CANARY ISLANDS,EB8
CANARY ISLANDS,EC8
CANARY ISLANDS,ED8
CANARY ISLANDS,EE8
CANARY ISLANDS,EF8
CANARY ISLANDS,EG8
CANARY ISLANDS,EH8
CEUTA & MELILLA,EA9
CEUTA & MELILLA,AM9
CEUTA & MELILLA,AN9
CEUTA & MELILLA,AO9
CEUTA & MELILLA,EB9
CEUTA & MELILLA,EC9
CEUTA & MELILLA,ED9
CEUTA & MELILLA,EE9
CEUTA & MELILLA,EF9
CEUTA & MELILLA,EG9
CEUTA & MELILLA,EH9
IRELAND,EI
IRELAND,EJ
LIBERIA,EL
LIBERIA,5L
LIBERIA,5M
LIBERIA,6Z
LIBERIA,A8
LIBERIA,D5
IRAN,EP
IRAN,9B
IRAN,9C
IRAN,9D
IRAN,EQ
ETHIOPIA,ET
ETHIOPIA,9E
ETHIOPIA,9F
FRANCE,F
FRANCE,HW
FRANCE,HX
FRANCE,HY
FRANCE,TH
FRANCE,TM
FRANCE,TP
FRANCE,TQ
FRANCE,TV
FRANCE,TW
GUADELOUPE,FG
SAINT BARTHELEMY,FJ
NEW CALEDONIA,FK
CHESTERFIELD IS.,FK/C
MARTINIQUE,FM
FRENCH POLYNESIA,FO
AUSTRAL ISLANDS,FO/A
CLIPPERTON ISLAND,FO/C
MARQUESAS ISLANDS,FO/M
SAINT PIERRE & MIQUELON,FP
REUNION ISLAND,FR
WALLIS & FUTUNA ISLANDS,FW
FRENCH GUIANA,FY
ENGLAND,G
ENGLAND,M
ISLE OF MAN,GD
ISLE OF MAN,GT
ISLE OF MAN,MD
ISLE OF MAN,MT
NORTHERN IRELAND,GI
NORTHERN IRELAND,GN
NORTHERN IRELAND,MI
NORTHERN IRELAND,MN
JERSEY,GH
JERSEY,MH
JERSEY,MJ
SCOTLAND,GM
SCOTLAND,GS
SCOTLAND,MM
SCOTLAND,MS
GUERNSEY,GP
GUERNSEY,MP
GUERNSEY,MU
WALES,GW
WALES,MC
WALES,MW
SOLOMON ISLANDS,H4
TEMOTU PROVINCE,H40
HUNGARY,HA
HUNGARY,HG
SWITZERLAND,HB
SWITZERLAND,HE
ECUADOR,HC
ECUADOR,HD
GALAPAGOS ISLANDS,HC8
GALAPAGOS ISLANDS,HD8
HAITI,HH
HAITI,4V
DOMINICAN REPUBLIC,HI
COLOMBIA,HK
COLOMBIA,5J
COLOMBIA,5K
COLOMBIA,HJ
SAN ANDRES ISLAND,5J0
SAN ANDRES ISLAND,5K0
SAN ANDRES ISLAND,HJ0
SAN ANDRES ISLAND,HK0
REPUBLIC OF KOREA,6K
REPUBLIC OF KOREA,6L
REPUBLIC OF KOREA,6M
REPUBLIC OF KOREA,6N
REPUBLIC OF KOREA,D7
REPUBLIC OF KOREA,D8
REPUBLIC OF KOREA,D9
REPUBLIC OF KOREA,DS
REPUBLIC OF KOREA,DT
DPRK (NORTH KOREA),HM
PANAMA,HP
PANAMA,3E
PANAMA,3F
PANAMA,H3
PANAMA,H8
PANAMA,H9
PANAMA,HO
HONDURAS,HR
HONDURAS,HQ
THAILAND,HS
THAILAND,E2
VATICAN CITY,HV
SAUDI ARABIA,HZ
SAUDI ARABIA,7Z
SAUDI ARABIA,8Z
ITALY,I
SARDINIA,IM0
JAPAN,7J
JAPAN,7K
JAPAN,7L
JAPAN,7M
JAPAN,7N
JAPAN,8J
JAPAN,8K
JAPAN,8L
JAPAN,8M
JAPAN,8N
JAPAN,JE
JAPAN,JF
JAPAN,JG
JAPAN,JH
JAPAN,JI
JAPAN,JJ
JAPAN,JK
JAPAN,JL
JAPAN,JM
JAPAN,JN
JAPAN,JO
JAPAN,JP
JAPAN,JQ
JAPAN,JR
JAPAN,JS
OGASAWARA,JD1
MONGOLIA,JT
MONGOLIA,JU
MONGOLIA,JV
SVALBARD,JW
JAN MAYEN,JX
JORDAN,JY
UNITED STATES OF AMERICA,K
UNITED STATES OF AMERICA,AA
UNITED STATES OF AMERICA,AB
UNITED STATES OF AMERICA,AC
UNITED STATES OF AMERICA,AD
UNITED STATES OF AMERICA,AE
UNITED STATES OF AMERICA,AF
UNITED STATES OF AMERICA,AG
UNITED STATES OF AMERICA,AI
UNITED STATES OF AMERICA,AJ
UNITED STATES OF AMERICA,AK
UNITED STATES OF AMERICA,N
UNITED STATES OF AMERICA,W
MARIANA ISLANDS,KH0
MARIANA ISLANDS,AH0
MARIANA ISLANDS,WH0
GUAM,KH2
GUAM,WH2
HAWAII,WH6
HAWAII,WH7
AMERICAN SAMOA,KH8
AMERICAN SAMOA,WH8
SWAINS ISLAND,KH8/S
ALASKA,KL
ALASKA,AL
ALASKA,NL
ALASKA,WL
US VIRGIN ISLANDS,KP2
US VIRGIN ISLANDS,WP2
PUERTO RICO,KP4
PUERTO RICO,KP3
PUERTO RICO,WP3
PUERTO RICO,WP4
NORWAY,LA
NORWAY,LB
NORWAY,LC
NORWAY,LD
NORWAY,LE
NORWAY,LF
NORWAY,LG
NORWAY,LH
NORWAY,LI
NORWAY,LJ
NORWAY,LK
NORWAY,LL
NORWAY,LM
NORWAY,LN
ARGENTINA,LU
ARGENTINA,AY
ARGENTINA,AZ
ARGENTINA,L2
ARGENTINA,L3
ARGENTINA,L4
ARGENTINA,L5
ARGENTINA,L6
ARGENTINA,L7
ARGENTINA,L8
ARGENTINA,L9
ARGENTINA,LO
ARGENTINA,LP
ARGENTINA,LQ
ARGENTINA,LR
ARGENTINA,LS
ARGENTINA,LT
ARGENTINA,LV
ARGENTINA,LW
LUXEMBOURG,LX
BULGARIA,LZ
PERU,OA
PERU,4T
PERU,OB
PERU,OC
LEBANON,OD
AUSTRIA,OE
FINLAND,OH
FINLAND,OF
FINLAND,OG
FINLAND,OI
FINLAND,OJ
ALAND ISLANDS,OH0
ALAND ISLANDS,OF0
ALAND ISLANDS,OG0
ALAND ISLANDS,OI0
MARKET REEF,OJ0
BELGIUM,ON
BELGIUM,OO
BELGIUM,OP
BELGIUM,OQ
BELGIUM,OR
BELGIUM,OS
BELGIUM,OT
GREENLAND,OX
GREENLAND,XP
FAROE ISLANDS,OY
FAROE ISLANDS,OW
DENMARK,OZ
DENMARK,5P
DENMARK,5Q
DENMARK,OU
DENMARK,OV
NETHERLANDS,PA
NETHERLANDS,PB
NETHERLANDS,PC
NETHERLANDS,PD
NETHERLANDS,PE
NETHERLANDS,PF
NETHERLANDS,PG
NETHERLANDS,PH
NETHERLANDS,PI
BRAZIL,PY
BRAZIL,PP
BRAZIL,PQ
BRAZIL,PR
BRAZIL,PS
BRAZIL,PT
BRAZIL,PU
BRAZIL,PV
BRAZIL,PW
BRAZIL,PX
BRAZIL,ZV
BRAZIL,ZW
BRAZIL,ZX
BRAZIL,ZY
BRAZIL,ZZ
FERNANDO DE NORONHA,PP0F
FERNANDO DE NORONHA,PP0R
FERNANDO DE NORONHA,PP0ZF
FERNANDO DE NORONHA,PP0ZR
FERNANDO DE NORONHA,PQ0F
FERNANDO DE NORONHA,PQ0R
FERNANDO DE NORONHA,PQ0ZF
FERNANDO DE NORONHA,PQ0ZR
FERNANDO DE NORONHA,PR0F
FERNANDO DE NORONHA,PR0R
FERNANDO DE NORONHA,PR0ZF
FERNANDO DE NORONHA,PR0ZR
FERNANDO DE NORONHA,PS0F
FERNANDO DE NORONHA,PS0R
FERNANDO DE NORONHA,PS0ZF
FERNANDO DE NORONHA,PS0ZR
FERNANDO DE NORONHA,PT0F
FERNANDO DE NORONHA,PT0R
FERNANDO DE NORONHA,PT0ZF
FERNANDO DE NORONHA,PT0ZR
FERNANDO DE NORONHA,PU0F
FERNANDO DE NORONHA,PU0R
FERNANDO DE NORONHA,PU0ZF
FERNANDO DE NORONHA,PU0ZR
FERNANDO DE NORONHA,PV0F
FERNANDO DE NORONHA,PV0R
FERNANDO DE NORONHA,PV0ZF
FERNANDO DE NORONHA,PV0ZR
FERNANDO DE NORONHA,PW0F
FERNANDO DE NORONHA,PW0R
FERNANDO DE NORONHA,PW0ZF
FERNANDO DE NORONHA,PW0ZR
FERNANDO DE NORONHA,PX0F
FERNANDO DE NORONHA,PX0R
FERNANDO DE NORONHA,PX0ZF
FERNANDO DE NORONHA,PX0ZR
FERNANDO DE NORONHA,PY0R
FERNANDO DE NORONHA,PY0ZF
FERNANDO DE NORONHA,PY0ZR
FERNANDO DE NORONHA,ZV0F
FERNANDO DE NORONHA,ZV0R
FERNANDO DE NORONHA,ZV0ZF
FERNANDO DE NORONHA,ZV0ZR
FERNANDO DE NORONHA,ZW0F
FERNANDO DE NORONHA,ZW0R
FERNANDO DE NORONHA,ZW0ZF
FERNANDO DE NORONHA,ZW0ZR
FERNANDO DE NORONHA,ZX0F
FERNANDO DE NORONHA,ZX0R
FERNANDO DE NORONHA,ZX0ZF
FERNANDO DE NORONHA,ZX0ZR
FERNANDO DE NORONHA,ZY0F
FERNANDO DE NORONHA,ZY0R
FERNANDO DE NORONHA,ZZ0F
FERNANDO DE NORONHA,ZZ0R
FERNANDO DE NORONHA,ZZ0ZF
FERNANDO DE NORONHA,ZZ0ZR
TRINDADE & MARTIM VAZ ISLANDS,PY0T
TRINDADE & MARTIM VAZ ISLANDS,PP0T
TRINDADE & MARTIM VAZ ISLANDS,PP0ZT
TRINDADE & MARTIM VAZ ISLANDS,PQ0T
TRINDADE & MARTIM VAZ ISLANDS,PQ0ZT
TRINDADE & MARTIM VAZ ISLANDS,PR0T
TRINDADE & MARTIM VAZ ISLANDS,PR0ZT
TRINDADE & MARTIM VAZ ISLANDS,PS0T
TRINDADE & MARTIM VAZ ISLANDS,PS0ZT
TRINDADE & MARTIM VAZ ISLANDS,PT0T
TRINDADE & MARTIM VAZ ISLANDS,PT0ZT
TRINDADE & MARTIM VAZ ISLANDS,PU0T
TRINDADE & MARTIM VAZ ISLANDS,PU0ZT
TRINDADE & MARTIM VAZ ISLANDS,PV0T
TRINDADE & MARTIM VAZ ISLANDS,PV0ZT
TRINDADE & MARTIM VAZ ISLANDS,PW0T
TRINDADE & MARTIM VAZ ISLANDS,PW0ZT
TRINDADE & MARTIM VAZ ISLANDS,PX0T
TRINDADE & MARTIM VAZ ISLANDS,PX0ZT
TRINDADE & MARTIM VAZ ISLANDS,PY0ZT
TRINDADE & MARTIM VAZ ISLANDS,ZV0T
TRINDADE & MARTIM VAZ ISLANDS,ZV0ZT
TRINDADE & MARTIM VAZ ISLANDS,ZW0T
TRINDADE & MARTIM VAZ ISLANDS,ZW0ZT
TRINDADE & MARTIM VAZ ISLANDS,ZX0T
TRINDADE & MARTIM VAZ ISLANDS,ZX0ZT
TRINDADE & MARTIM VAZ ISLANDS,ZY0T
TRINDADE & MARTIM VAZ ISLANDS,ZY0ZT
TRINDADE & MARTIM VAZ ISLANDS,ZZ0T
TRINDADE & MARTIM VAZ ISLANDS,ZZ0ZT
SURINAME,PZ
SLOVENIA,S5
SWEDEN,SM
SWEDEN,7S
SWEDEN,8S
SWEDEN,SA
SWEDEN,SB
SWEDEN,SC
SWEDEN,SD
SWEDEN,SE
SWEDEN,SF
SWEDEN,SG
SWEDEN,SH
SWEDEN,SI
SWEDEN,SJ
SWEDEN,SK
SWEDEN,SL
POLAND,SP
POLAND,3Z
POLAND,HF
POLAND,SN
POLAND,SO
POLAND,SQ
POLAND,SR
SUDAN,ST
SUDAN,6T
SUDAN,6U
EGYPT,SU
EGYPT,6A
EGYPT,6B
EGYPT,SS
GREECE,SV
MOUNT ATHOS,SV/A
TUVALU,T2
WESTERN KIRIBATI,T30
CENTRAL KIRIBATI,T31
EASTERN KIRIBATI,T32
BANABA ISLAND,T33
SOMALIA,T5
TURKEY,TA
TURKEY,TB
TURKEY,TC
TURKEY,YM
TURKEY,TA1
TURKEY,TB1
TURKEY,TC1
TURKEY,YM1
ICELAND,TF
GUATEMALA,TG
GUATEMALA,TD
COSTA RICA,TI
COSTA RICA,TE
COCOS ISLAND,TI9
COCOS ISLAND,TE9
EUROPEAN RUSSIA,U
ASIATIC RUSSIA,R9
ASIATIC RUSSIA,R9I
ASIATIC RUSSIA,R9M
ASIATIC RUSSIA,RN9
ASIATIC RUSSIA,RP9
ASIATIC RUSSIA,RR9
ASIATIC RUSSIA,RS9
ASIATIC RUSSIA,RU9
ASIATIC RUSSIA,RV8
ASIATIC RUSSIA,RV9
ASIATIC RUSSIA,RW8
ASIATIC RUSSIA,RW9
ASIATIC RUSSIA,U7
ASIATIC RUSSIA,U9
ASIATIC RUSSIA,UE9I
ASIATIC RUSSIA,UE9M
ASIATIC RUSSIA,UE9P
ASIATIC RUSSIA,UG8T
ASIATIC RUSSIA,UG8V
ASIATIC RUSSIA,UG9M
ASIATIC RUSSIA,UG9P
ASIATIC RUSSIA,UI9M
ASIATIC RUSSIA,UI9P
ASIATIC RUSSIA,UI9S
ASIATIC RUSSIA,UI9W
UKRAINE,U5
ANTIGUA & BARBUDA,V2
SAINT KITTS & NEVIS,V4
BRUNEI,V8
CANADA,CF
CANADA,CG
CANADA,CJ
CANADA,CK
CANADA,VA
CANADA,VB
CANADA,VC
CANADA,VG
CANADA,VX
AUSTRALIA,VK
AUSTRALIA,AX
AUSTRALIA,VH
AUSTRALIA,VI
AUSTRALIA,VJ
AUSTRALIA,VL
AUSTRALIA,VM
AUSTRALIA,VN
AUSTRALIA,VZ
MACQUARIE ISLAND,VK0M
MACQUARIE ISLAND,AX0M
MACQUARIE ISLAND,VH0M
MACQUARIE ISLAND,VI0M
MACQUARIE ISLAND,VJ0M
MACQUARIE ISLAND,VL0M
MACQUARIE ISLAND,VM0M
MACQUARIE ISLAND,VN0M
MACQUARIE ISLAND,VZ0M
COCOS (KEELING) ISLAND,AX9C
COCOS (KEELING) ISLAND,AX9Y
COCOS (KEELING) ISLAND,VH9C
COCOS (KEELING) ISLAND,VH9Y
COCOS (KEELING) ISLAND,VI9C
COCOS (KEELING) ISLAND,VI9Y
COCOS (KEELING) ISLAND,VJ9C
COCOS (KEELING) ISLAND,VJ9Y
COCOS (KEELING) ISLAND,VL9C
COCOS (KEELING) ISLAND,VL9Y
COCOS (KEELING) ISLAND,VM9C
COCOS (KEELING) ISLAND,VM9Y
COCOS (KEELING) ISLAND,VN9C
COCOS (KEELING) ISLAND,VN9Y
COCOS (KEELING) ISLAND,VZ9C
COCOS (KEELING) ISLAND,VZ9Y
LORD HOWE ISLAND,AX9L
LORD HOWE ISLAND,VH9L
LORD HOWE ISLAND,VJ9L
LORD HOWE ISLAND,VL9L
LORD HOWE ISLAND,VM9L
LORD HOWE ISLAND,VN9L
LORD HOWE ISLAND,VZ9L
MELLISH REEF,AX9M
MELLISH REEF,VH9M
MELLISH REEF,VI9M
MELLISH REEF,VJ9M
MELLISH REEF,VL9M
MELLISH REEF,VM9M
MELLISH REEF,VN9M
MELLISH REEF,VZ9M
WILLIS ISLAND,AX9W
WILLIS ISLAND,VH9W
WILLIS ISLAND,VI9W
WILLIS ISLAND,VJ9W
WILLIS ISLAND,VL9W
WILLIS ISLAND,VM9W
WILLIS ISLAND,VN9W
WILLIS ISLAND,VZ9W
CHRISTMAS ISLAND,AX9X
CHRISTMAS ISLAND,VH9X
CHRISTMAS ISLAND,VJ9X
CHRISTMAS ISLAND,VL9X
CHRISTMAS ISLAND,VM9X
CHRISTMAS ISLAND,VN9X
CHRISTMAS ISLAND,VZ9X
ANGUILLA,VP2E
MONTSERRAT,VP2M
BRITISH VIRGIN ISLANDS,VP2V
TURKS & CAICOS ISLANDS,VP5
TURKS & CAICOS ISLANDS,VQ5
PITCAIRN ISLAND,VP6
FALKLAND ISLANDS,VP8
INDIA,VU
INDIA,8T
INDIA,8U
INDIA,8V
INDIA,8W
INDIA,8X
INDIA,8Y
INDIA,AT
INDIA,AU
INDIA,AV
INDIA,AW
INDIA,VT
INDIA,VV
INDIA,VW
ANDAMAN & NICOBAR ISLANDS,VU4
MEXICO,XE
MEXICO,4A
MEXICO,4B
MEXICO,4C
MEXICO,6D
MEXICO,6E
MEXICO,6F
MEXICO,6G
MEXICO,6H
MEXICO,6I
MEXICO,6J
MEXICO,XB
MEXICO,XC
MEXICO,XD
MEXICO,XF
MEXICO,XG
MEXICO,XH
MEXICO,XI
REVILLAGIGEDO,XF4
REVILLAGIGEDO,4A4
REVILLAGIGEDO,4B4
REVILLAGIGEDO,4C4
REVILLAGIGEDO,6D4
REVILLAGIGEDO,6E4
REVILLAGIGEDO,6F4
REVILLAGIGEDO,6G4
REVILLAGIGEDO,6H4
REVILLAGIGEDO,6I4
REVILLAGIGEDO,6J4
REVILLAGIGEDO,XA4
REVILLAGIGEDO,XB4
REVILLAGIGEDO,XC4
REVILLAGIGEDO,XD4
REVILLAGIGEDO,XE4
REVILLAGIGEDO,XG4
REVILLAGIGEDO,XH4
REVILLAGIGEDO,XI4
LAOS,XW
MACAO,XX9
MYANMAR,XZ
MYANMAR,XY
AFGHANISTAN,YA
AFGHANISTAN,T6
INDONESIA,YB
INDONESIA,7A
INDONESIA,7B
INDONESIA,7C
INDONESIA,7D
INDONESIA,7E
INDONESIA,7F
INDONESIA,7G
INDONESIA,7H
INDONESIA,7I
INDONESIA,8A
INDONESIA,8B
INDONESIA,8C
INDONESIA,8D
INDONESIA,8E
INDONESIA,8F
INDONESIA,8G
INDONESIA,8H
INDONESIA,8I
INDONESIA,JZ
INDONESIA,PL
INDONESIA,PM
INDONESIA,PN
INDONESIA,PO
INDONESIA,YC
INDONESIA,YD
INDONESIA,YE
INDONESIA,YF
INDONESIA,YG
INDONESIA,YH
IRAQ,YI
IRAQ,HN
VANUATU,YJ
SYRIA,YK
NICARAGUA,YN
NICARAGUA,H6
NICARAGUA,H7
NICARAGUA,HT
ROMANIA,YO
ROMANIA,YP
ROMANIA,YQ
ROMANIA,YR
EL SALVADOR,YS
EL SALVADOR,HU
SERBIA,YU
SERBIA,4N
SERBIA,YT
SERBIA,YZ
VENEZUELA,YV
VENEZUELA,4M
VENEZUELA,YW
VENEZUELA,YX
VENEZUELA,YY
AVES ISLAND,YV0
AVES ISLAND,4M0
AVES ISLAND,YW0
AVES ISLAND,YY0
ZIMBABWE,Z2
MACEDONIA,Z3
ALBANIA,ZA
GIBRALTAR,ZB
GIBRALTAR,ZG
SAINT HELENA,ZD7
ASCENSION ISLAND,ZD8
TRISTAN DA CUNHA & GOUGH ISLANDS,ZD9
NIUE,ZK2
NEW ZEALAND,ZK
PARAGUAY,ZP
REPUBLIC OF SOUTH AFRICA,ZS
REPUBLIC OF SOUTH AFRICA,H5
REPUBLIC OF SOUTH AFRICA,S4
REPUBLIC OF SOUTH AFRICA,S8
REPUBLIC OF SOUTH AFRICA,V9
REPUBLIC OF SOUTH AFRICA,ZR
REPUBLIC OF SOUTH AFRICA,ZT
REPUBLIC OF SOUTH AFRICA,ZU
PRINCE EDWARD & MARION ISLANDS,ZR8
PRINCE EDWARD & MARION ISLANDS,ZT8
PRINCE EDWARD & MARION ISLANDS,ZU8
SOUTH COOK ISLANDS,ZK1
ANTARCTICA,XR9
ANTARCTICA,3G9
ANTARCTICA,XQ9
CANADA,VO
SARDINIA,IS0
CANADA,CH
CANADA,CI
CANADA,CY
CANADA,CZ
CANADA,XJ
CANADA,XM
CANADA,XN
CANADA,XO
CANADA,VD
CANADA,VF
CANADA,VY
CHINA,BS
CHINA,BR
MONACO,3A
AUSTRALIA,VK6
AUSTRALIA,VH6
AUSTRALIA,VH8
AUSTRALIA,VI6
AUSTRALIA,VI8
AUSTRALIA,VJ6
AUSTRALIA,VJ8
AUSTRALIA,VL6
AUSTRALIA,VL8
AUSTRALIA,VM6
AUSTRALIA,VM8
AUSTRALIA,VN6
AUSTRALIA,VN8
AUSTRALIA,VZ6
AUSTRALIA,VZ8
AUSTRALIA,VM1
AUSTRALIA,VM2
AUSTRALIA,VM3
AUSTRALIA,VM4
AUSTRALIA,VM5
AUSTRALIA,VM7
AUSTRALIA,VN1
AUSTRALIA,VN2
AUSTRALIA,VN3
AUSTRALIA,VN4
AUSTRALIA,VN5
AUSTRALIA,VN7
AUSTRALIA,VZ1
AUSTRALIA,VZ2
AUSTRALIA,VZ3
AUSTRALIA,VZ4
AUSTRALIA,VZ5
AUSTRALIA,VZ7
FEDERAL REPUBLIC OF GERMANY,Y2
FEDERAL REPUBLIC OF GERMANY,Y3
FEDERAL REPUBLIC OF GERMANY,Y4
FEDERAL REPUBLIC OF GERMANY,Y5
FEDERAL REPUBLIC OF GERMANY,Y6
FEDERAL REPUBLIC OF GERMANY,Y7
FEDERAL REPUBLIC OF GERMANY,Y8
FEDERAL REPUBLIC OF GERMANY,Y9
SWAINS ISLAND,KH8S
SWAINS ISLAND,WH8S
SWAINS ISLAND,AH8S
DUCIE ISLAND,VP6D
TIMOR-LESTE,4W
PALESTINE,E4
PORTUGAL,XX
AUSTRALIA,AX6
AUSTRALIA,AX8
ANTARCTICA,CX0
MALPELO ISLAND,HK0M
ASIATIC RUSSIA,RK9
FERNANDO DE NORONHA,PY0
KURE ISLAND,KH7K
KURE ISLAND,NH7K
KURE ISLAND,WH7K
KURE ISLAND,AH7K
ASIATIC RUSSIA,RL8
ASIATIC RUSSIA,RL9
ASIATIC RUSSIA,UI9
ASIATIC RUSSIA,RM8
ASIATIC RUSSIA,RD8
ASIATIC RUSSIA,RI8
ASIATIC RUSSIA,RJ8
KAZAKHSTAN,UQ
ASIATIC RUSSIA,RQ9
ASIATIC RUSSIA,UD8
ASIATIC RUSSIA,UD9
EUROPEAN RUSSIA,UE
MONTENEGRO,4O
MONTENEGRO,4O3
MONTENEGRO,4O6
INVALID,X5
SARDINIA,IW0U
SARDINIA,IW0V
SARDINIA,IW0W
SARDINIA,IW0X
SARDINIA,IW0Y
SARDINIA,IW0Z
SOV MILITARY ORDER OF MALTA,1A
AVES ISLAND,YX0
ASIATIC RUSSIA,UI8T
KAZAKHSTAN,UP
ASIATIC RUSSIA,RJ0
TAJIKISTAN,EY
KAZAKHSTAN,UO
ASIATIC RUSSIA,UI8
AZERBAIJAN,4J
ASIATIC RUSSIA,UC8
ASIATIC RUSSIA,UC9
ASIATIC RUSSIA,UC8T
ASIATIC RUSSIA,UC8V
ASIATIC RUSSIA,UC9I
ASIATIC RUSSIA,UC9O
ASIATIC RUSSIA,UC9P
ASIATIC RUSSIA,UC9U
ASIATIC RUSSIA,UC9V
ASIATIC RUSSIA,UC9Z
ASIATIC RUSSIA,UC9Y
AZORES,CR8
WILLIS ISLAND,AX9Z
SCOTLAND,GA
SCOTLAND,MA
REVILLAGIGEDO,XF0
ASIATIC RUSSIA,RG8T
ASIATIC RUSSIA,RG8V
ASIATIC RUSSIA,RG9
MADEIRA ISLANDS,XX3
UZBEKISTAN,UM
ASIATIC RUSSIA,UI8V
SARDINIA,IS1
INVALID,T00
TONGA,1M
ASIATIC RUSSIA,RN8V
ASIATIC RUSSIA,RN8T
SYRIA,6C
ASIATIC RUSSIA,RE9
MALPELO ISLAND,HJ0M
PAPUA NEW GUINEA,P2
AGALEGA & ST BRANDON ISLANDS,3B7
ASIATIC RUSSIA,UH8
ASIATIC RUSSIA,UH9
ARGENTINA,L1
KAZAKHSTAN,UN
MINAMI TORISHIMA,JD1M
ASIATIC RUSSIA,RE8
ASIATIC RUSSIA,RG8
ASIATIC RUSSIA,RN8
ASIATIC RUSSIA,RO8
ASIATIC RUSSIA,RP8
ASIATIC RUSSIA,RQ8
ASIATIC RUSSIA,RR8
ASIATIC RUSSIA,RS8
ASIATIC RUSSIA,RT8
ASIATIC RUSSIA,RU8
ASIATIC RUSSIA,UE8
ASIATIC RUSSIA,UG8
ASIATIC RUSSIA,RD9
ASIATIC RUSSIA,RJ9
CHINA,BJ
UKRAINE,UX5
COCOS (KEELING) ISLAND,VK9C
MELLISH REEF,VK9M
NORFOLK ISLAND,VK9N
CHRISTMAS ISLAND,VK9X
MADEIRA ISLANDS,CQ2
ASIATIC RUSSIA,RC8
ASIATIC RUSSIA,RC9
ASIATIC RUSSIA,RK8
CURACAO,PJ2
BONAIRE,PJ4
SABA & ST EUSTATIUS,PJ5
SINT MAARTEN,PJ7
PALAU,T8
CHINA,BY3L
CHINA,BY3H
CHINA,BY3I
CHINA,BY3J
CHINA,BY3K
CHINA,BY3G
CHINA,BY9A
CHINA,BY9
CHINA,BY9B
CHINA,BY9C
CHINA,BY9D
CHINA,BY9E
CHINA,BY9F
CHINA,BY0
CHINA,BA0
CHINA,BD0
CHINA,BG0
CHINA,BH0
CHINA,BI0
CHINA,BJ0
CHINA,BL0
CHINA,BR0
CHINA,BS0
CHINA,BT0
CHINA,BZ0
CHINA,BA3G
CHINA,BD3G
CHINA,BG3G
CHINA,BH3G
CHINA,BI3G
CHINA,BJ3G
CHINA,BL3G
CHINA,BR3G
CHINA,BS3G
CHINA,BT3G
CHINA,BZ3G
CHINA,BA3H
CHINA,BD3H
CHINA,BG3H
CHINA,BH3H
CHINA,BI3H
CHINA,BJ3H
CHINA,BL3H
CHINA,BR3H
CHINA,BS3H
CHINA,BT3H
CHINA,BZ3H
CHINA,BA3I
CHINA,BD3I
CHINA,BG3I
CHINA,BH3I
CHINA,BI3I
CHINA,BJ3I
CHINA,BL3I
CHINA,BR3I
CHINA,BS3I
CHINA,BT3I
CHINA,BZ3I
CHINA,BA3J
CHINA,BG3J
CHINA,BH3J
CHINA,BI3J
CHINA,BJ3J
CHINA,BL3J
CHINA,BR3J
CHINA,BS3J
CHINA,BT3J
CHINA,BZ3J
CHINA,BA3K
CHINA,BD3K
CHINA,BG3K
CHINA,BH3K
CHINA,BI3K
CHINA,BJ3K
CHINA,BL3K
CHINA,BR3K
CHINA,BS3K
CHINA,BT3K
CHINA,BZ3K
CHINA,BA3L
CHINA,BD3L
CHINA,BG3L
CHINA,BH3L
CHINA,BI3L
CHINA,BJ3L
CHINA,BL3L
CHINA,BR3L
CHINA,BS3L
CHINA,BT3L
CHINA,BZ3L
CHINA,BA9
CHINA,BD9
CHINA,BG9
CHINA,BH9
CHINA,BI9
CHINA,BJ9
CHINA,BL9
CHINA,BR9
CHINA,BS9
CHINA,BT9
CHINA,BZ9
CHINA,BA9A
CHINA,BA9B
CHINA,BA9C
CHINA,BA9D
CHINA,BA9E
CHINA,BA9F
CHINA,BD9A
CHINA,BD9B
CHINA,BD9C
CHINA,BD9D
CHINA,BD9E
CHINA,BD9F
CHINA,BG9A
CHINA,BG9B
CHINA,BG9C
CHINA,BG9D
CHINA,BG9E
CHINA,BH9B
CHINA,BH9C
CHINA,BH9A
CHINA,BH9F
CHINA,BH9D
CHINA,BH9E
CHINA,BI9A
CHINA,BI9B
CHINA,BI9D
CHINA,BI9F
CHINA,BI9E
CHINA,BJ9A
CHINA,BJ9B
CHINA,BJ9C
CHINA,BJ9D
CHINA,BJ9E
CHINA,BL9A
CHINA,BL9B
CHINA,BJ9F
CHINA,BL9C
CHINA,BL9D
CHINA,BL9F
CHINA,BL9E
CHINA,BR9A
CHINA,BR9B
CHINA,BR9C
CHINA,BR9D
CHINA,BR9E
CHINA,BR9F
CHINA,BS9A
CHINA,BS9B
CHINA,BS9C
CHINA,BS9D
CHINA,BS9E
CHINA,BS9F
CHINA,BT9A
CHINA,BT9B
CHINA,BT9C
CHINA,BT9D
CHINA,BT9E
CHINA,BT9F
CHINA,BZ9A
CHINA,BZ9C
CHINA,BZ9D
CHINA,BZ9E
CHINA,BZ9B
CHINA,BG9F
CHINA,BI9C
CHINA,B0
CHINA,B3G
CHINA,B3H
CHINA,B3I
CHINA,B3J
CHINA,B3K
CHINA,B3L
CHINA,B9
CHINA,B9A
CHINA,B9B
CHINA,B9C
CHINA,B9D
CHINA,B9E
CHINA,B9F
INVALID,NL-
INVALID,DE
INVALID,SM0-
INVALID,SM1-
INVALID,SM2-
INVALID,SM3-
INVALID,SM4-
INVALID,SM5-
INVALID,SM6-
INVALID,SM7-
INVALID,SM8-
INVALID,SM9-
ANTARCTICA,LU2Z
ANTARCTICA,LU3Z
ANTARCTICA,LU4Z
ANTARCTICA,LU5Z
ANTARCTICA,LU6Z
ANTARCTICA,LU7Z
ANTARCTICA,LU8Z
ANTARCTICA,LU9Z
CYPRUS,5B
LIECHTENSTEIN,HB0
INVALID,SWL
REPUBLIC OF SOUTH SUDAN,Z8
MALTA,9H
NORFOLK ISLAND,AX9N
COCOS (KEELING) ISLAND,VK9FC
LORD HOWE ISLAND,VK9FL
NORFOLK ISLAND,VK9FN
WILLIS ISLAND,VK9FW
CHRISTMAS ISLAND,VK9FX
GUYANA,8R
PORTUGAL,CR
EUROPEAN RUSSIA,R9G
EUROPEAN RUSSIA,R9X
EUROPEAN RUSSIA,U9F
EUROPEAN RUSSIA,U9G
EUROPEAN RUSSIA,U9X
EUROPEAN RUSSIA,RE9F
EUROPEAN RUSSIA,RE9G
EUROPEAN RUSSIA,RE9X
EUROPEAN RUSSIA,RN9X
EUROPEAN RUSSIA,RP9X
EUROPEAN RUSSIA,RR9X
EUROPEAN RUSSIA,RV9F
EUROPEAN RUSSIA,RW9F
EUROPEAN RUSSIA,RW9G
EUROPEAN RUSSIA,RV9G
EUROPEAN RUSSIA,RW9X
EUROPEAN RUSSIA,RV9X
EUROPEAN RUSSIA,RK9X
EUROPEAN RUSSIA,UE9F
EUROPEAN RUSSIA,UE9G
EUROPEAN RUSSIA,UE9X
SINGAPORE,9V
BARBADOS,8P
EUROPEAN RUSSIA,UC9F
EUROPEAN RUSSIA,UC9G
EUROPEAN RUSSIA,UC9X
EUROPEAN RUSSIA,UD9F
EUROPEAN RUSSIA,UD9G
EUROPEAN RUSSIA,UD9X
ASIATIC RUSSIA,UG9
EUROPEAN RUSSIA,UG9F
EUROPEAN RUSSIA,UG9G
EUROPEAN RUSSIA,UG9X
EUROPEAN RUSSIA,UH9F
EUROPEAN RUSSIA,UH9G
EUROPEAN RUSSIA,UH9X
EUROPEAN RUSSIA,UI9F
EUROPEAN RUSSIA,UI9G
EUROPEAN RUSSIA,UI9X
UZBEKISTAN,UL
EUROPEAN RUSSIA,RC9F
EUROPEAN RUSSIA,RC9G
EUROPEAN RUSSIA,RC9X
EUROPEAN RUSSIA,RD9F
EUROPEAN RUSSIA,RD9X
ASIATIC RUSSIA,RF9
EUROPEAN RUSSIA,RF9F
EUROPEAN RUSSIA,RG9F
EUROPEAN RUSSIA,RG9G
EUROPEAN RUSSIA,RG9X
ASIATIC RUSSIA,RH9
EUROPEAN RUSSIA,RH9F
EUROPEAN RUSSIA,RH9G
EUROPEAN RUSSIA,RH9X
ASIATIC RUSSIA,RI9
EUROPEAN RUSSIA,RI9F
EUROPEAN RUSSIA,RI9G
EUROPEAN RUSSIA,RI9X
EUROPEAN RUSSIA,RJ9F
EUROPEAN RUSSIA,RJ9X
EUROPEAN RUSSIA,RJ9G
EUROPEAN RUSSIA,RL9F
EUROPEAN RUSSIA,RL9G
EUROPEAN RUSSIA,RL9X
ASIATIC RUSSIA,RM9
EUROPEAN RUSSIA,RM9F
EUROPEAN RUSSIA,RM9G
EUROPEAN RUSSIA,RM9X
ASIATIC RUSSIA,RO9
EUROPEAN RUSSIA,RO9F
EUROPEAN RUSSIA,RO9G
EUROPEAN RUSSIA,RO9X
EUROPEAN RUSSIA,RQ9F
EUROPEAN RUSSIA,RQ9G
EUROPEAN RUSSIA,RQ9X
ASIATIC RUSSIA,RT9
EUROPEAN RUSSIA,RT9F
EUROPEAN RUSSIA,RT9G
EUROPEAN RUSSIA,RT9X
UZBEKISTAN,UK
UNITED ARAB EMIRATES,A6
SAINT PETER AND PAUL ROCKS,PY0S
SAINT PETER AND PAUL ROCKS,PP0S
SAINT PETER AND PAUL ROCKS,PP0ZS
SAINT PETER AND PAUL ROCKS,PQ0S
SAINT PETER AND PAUL ROCKS,PQ0ZS
SAINT PETER AND PAUL ROCKS,PR0S
SAINT PETER AND PAUL ROCKS,PR0ZS
SAINT PETER AND PAUL ROCKS,PS0S
SAINT PETER AND PAUL ROCKS,PS0ZS
SAINT PETER AND PAUL ROCKS,PT0S
SAINT PETER AND PAUL ROCKS,PT0ZS
SAINT PETER AND PAUL ROCKS,PU0S
SAINT PETER AND PAUL ROCKS,PU0ZS
SAINT PETER AND PAUL ROCKS,PV0S
SAINT PETER AND PAUL ROCKS,PV0ZS
SAINT PETER AND PAUL ROCKS,PW0S
SAINT PETER AND PAUL ROCKS,PW0ZS
SAINT PETER AND PAUL ROCKS,PX0S
SAINT PETER AND PAUL ROCKS,PX0ZS
SAINT PETER AND PAUL ROCKS,PY0ZS
SAINT PETER AND PAUL ROCKS,ZV0S
SAINT PETER AND PAUL ROCKS,ZV0ZS
SAINT PETER AND PAUL ROCKS,ZW0S
SAINT PETER AND PAUL ROCKS,ZW0ZS
SAINT PETER AND PAUL ROCKS,ZX0S
SAINT PETER AND PAUL ROCKS,ZX0ZS
SAINT PETER AND PAUL ROCKS,ZY0S
SAINT PETER AND PAUL ROCKS,ZY0ZS
SAINT PETER AND PAUL ROCKS,ZZ0S
SAINT PETER AND PAUL ROCKS,ZZ0ZS
BOTSWANA,8O
JERSEY,GJ
GUERNSEY,GU
WALES,GC
BELIZE,V3
GRENADA,J3
CYPRUS,P3
DPRK (NORTH KOREA),P5
DPRK (NORTH KOREA),P6
DPRK (NORTH KOREA),P7
DPRK (NORTH KOREA),P8
DPRK (NORTH KOREA),P9
GREECE,J4
SAINT LUCIA,J6
DOMINICA,J7
INVALID,UF6V
ASIATIC RUSSIA,UF8
ASIATIC RUSSIA,UF9
EUROPEAN RUSSIA,UF9F
EUROPEAN RUSSIA,UF9G
EUROPEAN RUSSIA,UF9X
ASIATIC RUSSIA,UF9S
ASIATIC RUSSIA,UF9W
SAINT VINCENT,J8
KYRGYZSTAN,EX
CORSICA,TK
KERMADEC ISLAND,ZL8
CHATHAM ISLAND,ZL7
TOKELAU ISLANDS,ZK3
AMSTERDAM & ST PAUL ISLANDS,FT8Z
AZORES,CU
SAN MARINO,T7
ERITREA,E3
SAINT MARTIN,FS
PRINCE EDWARD & MARION ISLANDS,ZS8
YEMEN,7O
EUROPEAN RUSSIA,R9F
ANTARCTICA,ZS7
ENGLAND,2V
INVALID,0S
INVALID,ZC6
INVALID,1Z
MARITIME MOBILE,EL0
MICRONESIA,V6
MARSHALL ISLANDS,V7
SWAZILAND,3DA
NAMIBIA,V5
KENYA,5Z
TANZANIA,5H
TANZANIA,5I
MADAGASCAR,5R
MADAGASCAR,5S
TOGO,5V
KENYA,5Y
UGANDA,5X
SOMALIA,6O
GUINEA,3X
LESOTHO,7P
MALAWI,7Q
ALGERIA,7R
ALGERIA,7T
ALGERIA,7U
ALGERIA,7V
ALGERIA,7W
ALGERIA,7X
ALGERIA,7Y
BOTSWANA,A2
ZAMBIA,9J
ZAMBIA,9I
DEM. REP. OF THE CONGO,9O
DEM. REP. OF THE CONGO,9P
DEM. REP. OF THE CONGO,9Q
DEM. REP. OF THE CONGO,9R
DEM. REP. OF THE CONGO,9S
DEM. REP. OF THE CONGO,9T
RWANDA,9X
MOZAMBIQUE,C8
MOZAMBIQUE,C9
ANGOLA,D3
CAPE VERDE,D4
GUINEA-BISSAU,J5
MADEIRA ISLANDS,CR3
MAYOTTE,FH
COMOROS,D6
BURUNDI,9U
CAMEROON,TJ
COTE D'IVOIRE,TU
MAURITANIA,5T
DJIBOUTI,J2
SAO TOME & PRINCIPE,S9
SEYCHELLES ISLANDS,S7
TUNISIA,TS
BENIN,TY
NIGER,5U
CENTRAL AFRICAN REPUBLIC,TL
CHAD,TT
REPUBLIC OF THE CONGO,TN
GABON,TR
MALI,TZ
MAURITIUS ISLAND,3B8
RODRIGUEZ ISLAND,3B9
AGALEGA & ST BRANDON ISLANDS,3B6
CHAGOS ISLANDS,VQ9
MADEIRA ISLANDS,CR9
AZORES,CQ8
AZORES,CQ1
AZORES,CR1
AZORES,CR2
AZORES,CS4
AZORES,CS8
AZORES,CT8
ESTONIA,ES
LATVIA,YL
LITHUANIA,LY
THE GAMBIA,C5
WESTERN SAHARA,S0
BURKINA FASO,XT
LAKSHADWEEP ISLANDS,VU7
AMSTERDAM & ST PAUL ISLANDS,FT5Z
AMSTERDAM & ST PAUL ISLANDS,FT4Z
INVALID,T1
MOROCCO,CN2
MOROCCO,CN8
MOROCCO,CN9
MOROCCO,CN
INVALID,JD
CAMBODIA,XU
KINGMAN REEF,KH5K
AERONAUTICAL MOBILE,/AM
SATELLITE, INTERNET OR REPEATER,/SAT
HAWAII,KH6
ARUBA,P4
PAKISTAN,AP
PAKISTAN,AS
PAKISTAN,AQ
PAKISTAN,6P
PAKISTAN,6Q
PAKISTAN,6R
PAKISTAN,6S
PAKISTAN,AR
BANGLADESH,S2
BANGLADESH,S3
ASIATIC RUSSIA,UE9
LORD HOWE ISLAND,VI9L
NORFOLK ISLAND,VH9N
NORFOLK ISLAND,VJ9N
NORFOLK ISLAND,VL9N
NORFOLK ISLAND,VM9N
NORFOLK ISLAND,VN9N
NORFOLK ISLAND,VZ9N
LORD HOWE ISLAND,VK9L
WILLIS ISLAND,VK9W
COCOS (KEELING) ISLAND,VK9Y
WILLIS ISLAND,VK9Z
HAWAII,KH7
MIDWAY ISLAND,KH4
GUANTANAMO BAY,KG4
WAKE ISLAND,KH9
UK BASES ON CYPRUS,ZC4
ENGLAND,2O
ENGLAND,2Q
ENGLAND,2R
SCOTLAND,2A
ENGLAND,2E
ISLE OF MAN,2D
NORTHERN IRELAND,2I
JERSEY,2J
SCOTLAND,2M
GUERNSEY,2U
WALES,2W
INVALID,SVA
ANTARCTICA,CE9
BAKER HOWLAND ISLANDS,KH1
SLOVAK REPUBLIC,OM
CZECH REPUBLIC,OL
CZECH REPUBLIC,OK
LIECHTENSTEIN,HE0
JOHNSTON ISLAND,WH3
MIDWAY ISLAND,WH4
BAKER HOWLAND ISLANDS,WH1
KINGMAN REEF,WH5K
JOHNSTON ISLAND,AH3
KINGMAN REEF,AH5K
JOHNSTON ISLAND,KH3
JOHNSTON ISLAND,NH3
KINGMAN REEF,NH5K
BAKER HOWLAND ISLANDS,NH1
INVALID,1C
INVALID,1X
SCOTLAND,GZ
INVALID,2Z
SCOTLAND,MZ
JAPAN,JA
ANTARCTICA,ZL5
ANTARCTICA,VK0
NEW ZEALAND,ZL50
ANTARCTICA,FT5Y
ANTARCTICA,FT4Y
ANTARCTICA,FT8Y
ANTARCTICA,FT6Y
ANTARCTICA,FT7Y
ANTARCTICA,FT1Y
ANTARCTICA,FT2Y
ANTARCTICA,FT3Y
AMSTERDAM & ST PAUL ISLANDS,FT2Z
AMSTERDAM & ST PAUL ISLANDS,FT1Z
AMSTERDAM & ST PAUL ISLANDS,FT3Z
AMSTERDAM & ST PAUL ISLANDS,FT6Z
AMSTERDAM & ST PAUL ISLANDS,FT7Z
CANADA,VO2
CANADA,VE1
CANADA,VE2
CANADA,VE3
CANADA,VE5
CANADA,VE4
CANADA,VE6
CANADA,VE7
CANADA,VE8
CANADA,VE9
CANADA,VO1
CANADA,VY1
CANADA,VY0
CANADA,VY2
CANADA,VY9
CANADA,VA1
CANADA,VA2
CANADA,VA3
CANADA,VA4
CANADA,VA5
CANADA,VA6
CANADA,VA7
CANADA,VA8
CANADA,VA9
CANADA,VX9
CANADA,CF3
CANADA,XJ1
CANADA,XJ9
CANADA,XJ3
CANADA,XJ4
CANADA,XJ5
CANADA,XJ6
CANADA,XJ7
CANADA,XJ8
CANADA,XK0
CANADA,XK1
MARITIME MOBILE,VE0
MARITIME MOBILE,XJ0
CANADA,XK2
CANADA,XK9
CANADA,XK3
CANADA,XK4
CANADA,XK6
CANADA,XK8
CANADA,XK5
CANADA,XK7
CANADA,XM9
CANADA,XN9
CANADA,XO9
CANADA,CF9
REPUBLIC OF KOREA,HL
CANADA,XL3
CANADA,XL4
CANADA,XL5
CANADA,XL6
CANADA,XL7
CANADA,XL8
BALEARIC ISLANDS,EA6
CANADA,XL2
CANADA,XL1
CANADA,XM3
CANADA,XM4
CANADA,XM5
CANADA,XM6
CANADA,XM7
CANADA,XM8
NORFOLK ISLAND,VJ9
ASIATIC RUSSIA,R9W
BAHAMAS,C6
NAURU,C2
ANTARCTICA,VI0
SOUTH COOK ISLANDS,E5
WEST MALAYSIA,9M
EAST MALAYSIA,9M6
EAST MALAYSIA,9M8
SPRATLY ISLANDS,9M0
CHATHAM ISLAND,ZM7
TURKMENISTAN,EZ
GEORGIA,4L
HONG KONG,VR
ASIATIC RUSSIA,U0K
ITALY,IG9
ITALY,IH9
WEST MALAYSIA,9W
EAST MALAYSIA,9W6
EAST MALAYSIA,9W8
MOLDOVA,ER
ASIATIC RUSSIA,RH8
HAWAII,AH7
HAWAII,AH6
BAKER HOWLAND ISLANDS,AH1
GUAM,AH2
MIDWAY ISLAND,AH4
AMERICAN SAMOA,AH8
ANNOBON,3C0
EQUATORIAL GUINEA,3C
SENEGAL,6V
SENEGAL,6W
GHANA,9G
WAKE ISLAND,AH9
WAKE ISLAND,NH9
WAKE ISLAND,WH9
AUSTRALIA,VK8
CAYMAN ISLANDS,ZF
JAMAICA,6Y
NORFOLK ISLAND,VK9
NAVASSA ISLAND,KP1
DODECANESE,J45
CRETE,J49
DODECANESE,SW5
CRETE,SW9
DODECANESE,SX5
CRETE,SX9
DODECANESE,SY5
CRETE,SY9
DODECANESE,SZ5
CRETE,SZ9
GREECE,SY
GREECE,SX
GREECE,SZ
GREECE,SZ
INVALID,1B
ASIATIC RUSSIA,R8
DESECHEO ISLAND,KP5
DESECHEO ISLAND,WP5
DESECHEO ISLAND,NP5
NAVASSA ISLAND,NP1
NAVASSA ISLAND,WP1
ANGOLA,D2
GREECE,SW
EUROPEAN RUSSIA,R8F
EUROPEAN RUSSIA,R8G
EUROPEAN RUSSIA,R8X
EUROPEAN RUSSIA,RA8F
EUROPEAN RUSSIA,RA8G
EUROPEAN RUSSIA,RA8X
KALININGRAD,RB2K
KALININGRAD,RC2F
KALININGRAD,RC2K
EUROPEAN RUSSIA,RC8F
EUROPEAN RUSSIA,RC8G
EUROPEAN RUSSIA,RC8X
KALININGRAD,RD2F
KALININGRAD,RD2K
EUROPEAN RUSSIA,RD8F
EUROPEAN RUSSIA,RD8G
EUROPEAN RUSSIA,RD8X
KALININGRAD,RE2F
KALININGRAD,RE2K
EUROPEAN RUSSIA,RE8F
EUROPEAN RUSSIA,RE8G
EUROPEAN RUSSIA,RE8X
ASIATIC RUSSIA,RF8
EUROPEAN RUSSIA,RF8F
EUROPEAN RUSSIA,RF8G
EUROPEAN RUSSIA,RF8X
KALININGRAD,RF2F
KALININGRAD,RF2K
KALININGRAD,RG2F
KALININGRAD,RG2K
EUROPEAN RUSSIA,RG8F
EUROPEAN RUSSIA,RG8G
EUROPEAN RUSSIA,RG8X
KALININGRAD,RH2F
KALININGRAD,RH2K
EUROPEAN RUSSIA,RH8F
EUROPEAN RUSSIA,RH8G
EUROPEAN RUSSIA,RH8X
KALININGRAD,RI2F
KALININGRAD,RI2K
EUROPEAN RUSSIA,RI8F
EUROPEAN RUSSIA,RI8G
EUROPEAN RUSSIA,RI8X
KALININGRAD,RJ2F
KALININGRAD,RJ2K
EUROPEAN RUSSIA,RJ8F
EUROPEAN RUSSIA,RJ8G
EUROPEAN RUSSIA,RJ8X
KALININGRAD,RK2F
KALININGRAD,RK2K
EUROPEAN RUSSIA,RK8F
EUROPEAN RUSSIA,RK8G
EUROPEAN RUSSIA,RK8X
KALININGRAD,RL2F
KALININGRAD,RL2K
EUROPEAN RUSSIA,RL8F
EUROPEAN RUSSIA,RL8G
EUROPEAN RUSSIA,RL8X
KALININGRAD,RM2F
KALININGRAD,RM2K
EUROPEAN RUSSIA,RM8F
EUROPEAN RUSSIA,RM8G
EUROPEAN RUSSIA,RM8X
KALININGRAD,RN2F
KALININGRAD,RN2K
EUROPEAN RUSSIA,RN8F
EUROPEAN RUSSIA,RN8G
EUROPEAN RUSSIA,RN8X
KALININGRAD,RO2F
KALININGRAD,RO2K
EUROPEAN RUSSIA,RO8F
EUROPEAN RUSSIA,RO8G
EUROPEAN RUSSIA,RO8X
KALININGRAD,RP2F
KALININGRAD,RP2K
EUROPEAN RUSSIA,RP8F
EUROPEAN RUSSIA,RP8G
EUROPEAN RUSSIA,RP8X
KALININGRAD,RQ2F
KALININGRAD,RQ2K
EUROPEAN RUSSIA,RQ8F
EUROPEAN RUSSIA,RQ8G
EUROPEAN RUSSIA,RQ8X
KALININGRAD,RR2F
KALININGRAD,RR2K
EUROPEAN RUSSIA,RR8F
EUROPEAN RUSSIA,RR8G
EUROPEAN RUSSIA,RR8X
KALININGRAD,RS2F
KALININGRAD,RS2K
EUROPEAN RUSSIA,RS8F
EUROPEAN RUSSIA,RS8G
EUROPEAN RUSSIA,RS8X
KALININGRAD,RT2F
KALININGRAD,RT2K
EUROPEAN RUSSIA,RT8F
EUROPEAN RUSSIA,RT8G
EUROPEAN RUSSIA,RT8X
KALININGRAD,RU2F
KALININGRAD,RU2K
EUROPEAN RUSSIA,RU8F
EUROPEAN RUSSIA,RU8G
EUROPEAN RUSSIA,RU8X
KALININGRAD,RV2F
KALININGRAD,RV2K
EUROPEAN RUSSIA,RV8F
EUROPEAN RUSSIA,RV8G
EUROPEAN RUSSIA,RV8X
KALININGRAD,RW2F
KALININGRAD,RW2K
EUROPEAN RUSSIA,RW8F
EUROPEAN RUSSIA,RW8G
EUROPEAN RUSSIA,RW8X
KALININGRAD,RX2F
KALININGRAD,RX2K
KALININGRAD,RY2F
KALININGRAD,RY2K
KALININGRAD,RZ2F
KALININGRAD,RZ2K
KALININGRAD,U2F
KALININGRAD,U2K
ASIATIC RUSSIA,U8
EUROPEAN RUSSIA,U8F
EUROPEAN RUSSIA,U8G
EUROPEAN RUSSIA,U8X
EUROPEAN RUSSIA,UF8F
EUROPEAN RUSSIA,UF8G
EUROPEAN RUSSIA,UF8X
EUROPEAN RUSSIA,UG8F
EUROPEAN RUSSIA,UG8G
EUROPEAN RUSSIA,UG8X
EUROPEAN RUSSIA,UH8F
EUROPEAN RUSSIA,UH8G
EUROPEAN RUSSIA,UH8X
EUROPEAN RUSSIA,UI8F
EUROPEAN RUSSIA,UI8G
EUROPEAN RUSSIA,UI8X
EUROPEAN RUSSIA,UB8G
EUROPEAN RUSSIA,UC8F
EUROPEAN RUSSIA,UC8G
EUROPEAN RUSSIA,UC8X
EUROPEAN RUSSIA,UD8F
EUROPEAN RUSSIA,UD8G
EUROPEAN RUSSIA,UD8X
EUROPEAN RUSSIA,UE8F
EUROPEAN RUSSIA,UE8G
EUROPEAN RUSSIA,UE8X
CANADA,XL9
EUROPEAN RUSSIA,RD9G
EUROPEAN RUSSIA,RF9G
EUROPEAN RUSSIA,RF9X
EUROPEAN RUSSIA,RK9G
EUROPEAN RUSSIA,RK9F
EUROPEAN RUSSIA,RN9F
EUROPEAN RUSSIA,RN9G
EUROPEAN RUSSIA,RP9F
EUROPEAN RUSSIA,RP9G
EUROPEAN RUSSIA,RR9F
EUROPEAN RUSSIA,RR9G
EUROPEAN RUSSIA,RS9F
EUROPEAN RUSSIA,RS9G
EUROPEAN RUSSIA,RS9X
EUROPEAN RUSSIA,RU9F
EUROPEAN RUSSIA,RU9G
EUROPEAN RUSSIA,RU9X
MARIANA ISLANDS,NH0
GUAM,NH2
MIDWAY ISLAND,NH4
HAWAII,NH6
AMERICAN SAMOA,NH8
US VIRGIN ISLANDS,NP2
PUERTO RICO,NP3
PUERTO RICO,NP4
FRANZ JOSEF LAND,RI1FJ
INVALID,EH92
INVALID,AM92
INVALID,EG92
INVALID,EA92
INVALID,GF
INVALID,GL
INVALID,GY
MARITIME MOBILE,HC9
MARITIME MOBILE,HD9
CANADA,VE
MARITIME MOBILE,5L0
DODECANESE,SV5
CRETE,SV9
INVALID,VB0
INVALID,VC0
INVALID,VD0
INVALID,VG0
INVALID,VX0
INVALID,XL0
INVALID,XM0
INVALID,VF0
INVALID,VA0
HAWAII,NH7
MALDIVES,8Q
NIGERIA,5N
NIGERIA,5O
DAMAO, DIU,CR8/D
NORTH COOK ISLANDS,ZK1/N
PETER 1 ISLAND,3Y/B
SOUTH SHETLAND ISLANDS,VP8/H
SOUTH ORKNEY ISLANDS,VP8/O
FERNANDO DE NORONHA,ZY0Z
AMSTERDAM & ST PAUL ISLANDS,FT0Z
ANTARCTICA,FT0Y
INVALID,FT
TUNISIA,3V
SCARBOROUGH REEF,BS7
INVALID,R1AN
SOUTH GEORGIA ISLAND,VP8/G
UKRAINE,UR
INVALID,5B2A
NIUE,E6
UZBEKISTAN,UJ
ASIATIC RUSSIA,R9S
ASIATIC RUSSIA,U9S
ASIATIC RUSSIA,U9T
ASIATIC RUSSIA,U9W
ASIATIC RUSSIA,R9T
ASIATIC RUSSIA,UE9S
ASIATIC RUSSIA,UE9T
ASIATIC RUSSIA,UE9W
ASIATIC RUSSIA,UG9S
ASIATIC RUSSIA,UG9T
ASIATIC RUSSIA,UG9W
SABA & ST EUSTATIUS,PJ6
ASIATIC RUSSIA,UA0S
ASIATIC RUSSIA,UA0R
ASIATIC RUSSIA,R0R
ASIATIC RUSSIA,R0S
ASIATIC RUSSIA,U0R
ASIATIC RUSSIA,U0S
ASIATIC RUSSIA,RA0R
ASIATIC RUSSIA,RA0S
ASIATIC RUSSIA,RK0R
ASIATIC RUSSIA,RK0S
ASIATIC RUSSIA,RN0R
ASIATIC RUSSIA,RN0S
ASIATIC RUSSIA,RU0R
ASIATIC RUSSIA,RU0S
ASIATIC RUSSIA,RV0R
ASIATIC RUSSIA,RV0S
ASIATIC RUSSIA,RC0R
ASIATIC RUSSIA,RC0S
ASIATIC RUSSIA,RD0R
ASIATIC RUSSIA,RD0S
ASIATIC RUSSIA,RF0S
ASIATIC RUSSIA,RF0R
ASIATIC RUSSIA,RG0R
ASIATIC RUSSIA,RG0S
ASIATIC RUSSIA,RI0R
ASIATIC RUSSIA,RI0S
ASIATIC RUSSIA,RJ0R
ASIATIC RUSSIA,RJ0S
ASIATIC RUSSIA,RL0R
ASIATIC RUSSIA,RL0S
ASIATIC RUSSIA,RM0R
ASIATIC RUSSIA,RM0S
ASIATIC RUSSIA,RO0R
ASIATIC RUSSIA,RO0S
ASIATIC RUSSIA,RP0R
ASIATIC RUSSIA,RP0S
ASIATIC RUSSIA,RQ0R
ASIATIC RUSSIA,RQ0S
ASIATIC RUSSIA,RT0R
ASIATIC RUSSIA,RT0S
ASIATIC RUSSIA,RR0R
ASIATIC RUSSIA,RR0S
ASIATIC RUSSIA,UE0R
ASIATIC RUSSIA,UE0S
ASIATIC RUSSIA,UC0R
ASIATIC RUSSIA,UC0S
ASIATIC RUSSIA,UD0R
ASIATIC RUSSIA,UD0S
ASIATIC RUSSIA,UF0R
ASIATIC RUSSIA,UG0R
ASIATIC RUSSIA,UF0S
ASIATIC RUSSIA,UI0R
ASIATIC RUSSIA,UI0S
ASIATIC RUSSIA,UH0R
ASIATIC RUSSIA,UH0S
AZERBAIJAN,4K
ARMENIA,EK
UKRAINE,EM
INVALID,R1FJ
UKRAINE,EN
UKRAINE,EO
BELARUS,EU
BELARUS,EV
BELARUS,EW
ANTARCTICA,RI1AN
ASIATIC RUSSIA,UC0
ASIATIC RUSSIA,UD0
ASIATIC RUSSIA,UE0
ASIATIC RUSSIA,UF0
ASIATIC RUSSIA,UG0
ASIATIC RUSSIA,UH0
ASIATIC RUSSIA,UI0
ASIATIC RUSSIA,RC0
ASIATIC RUSSIA,RD0
ASIATIC RUSSIA,RE0
ASIATIC RUSSIA,RF0
ASIATIC RUSSIA,RG0
ASIATIC RUSSIA,RH0
ASIATIC RUSSIA,RI0
ASIATIC RUSSIA,RK0
ASIATIC RUSSIA,RL0
ASIATIC RUSSIA,RM0
ASIATIC RUSSIA,RN0
ASIATIC RUSSIA,RO0
ASIATIC RUSSIA,RQ0
ASIATIC RUSSIA,RR0
ASIATIC RUSSIA,RS0
ASIATIC RUSSIA,RT0
ASIATIC RUSSIA,RU0
ASIATIC RUSSIA,RV0
ASIATIC RUSSIA,RW0
ASIATIC RUSSIA,UE0Y
ASIATIC RUSSIA,UF0Y
ASIATIC RUSSIA,UC0Y
ASIATIC RUSSIA,UD0Y
ASIATIC RUSSIA,UG0Y
ASIATIC RUSSIA,UH0Y
ASIATIC RUSSIA,UI0Y
ASIATIC RUSSIA,R0Y
ASIATIC RUSSIA,U0Y
ASIATIC RUSSIA,RC0Y
ASIATIC RUSSIA,RD0Y
ASIATIC RUSSIA,RF0Y
ASIATIC RUSSIA,RG0Y
ASIATIC RUSSIA,RH0Y
ASIATIC RUSSIA,RI0Y
ASIATIC RUSSIA,RJ0Y
ASIATIC RUSSIA,RK0Y
ASIATIC RUSSIA,RL0Y
ASIATIC RUSSIA,RM0Y
ASIATIC RUSSIA,RN0Y
ASIATIC RUSSIA,RO0Y
ASIATIC RUSSIA,RP0Y
ASIATIC RUSSIA,RQ0Y
ASIATIC RUSSIA,RR0Y
ASIATIC RUSSIA,RT0Y
ASIATIC RUSSIA,RU0Y
ASIATIC RUSSIA,RV0Y
ASIATIC RUSSIA,RW0Y
ASIATIC RUSSIA,RX0Y
ASIATIC RUSSIA,RZ0Y
ASIATIC RUSSIA,RP0
INVALID,UPOL
ASIATIC RUSSIA,RY0Y
ASIATIC RUSSIA,R0
INVALID,R04
ASIATIC RUSSIA,U0
UKRAINE,UZ
UKRAINE,UW
ASIATIC RUSSIA,U8T
ASIATIC RUSSIA,UE8T
ASIATIC RUSSIA,UE8V
ASIATIC RUSSIA,UF8T
ASIATIC RUSSIA,UF8V
UKRAINE,UU
UKRAINE,UT
KALININGRAD,R2F
KALININGRAD,R2K
KALININGRAD,RA2
KALININGRAD,RB2F
UKRAINE,UX
UKRAINE,UY
EUROPEAN RUSSIA,UB8X
ASIATIC RUSSIA,UB8H
ASIATIC RUSSIA,UB8I
ASIATIC RUSSIA,UB8O
ASIATIC RUSSIA,UB8P
ASIATIC RUSSIA,UB8T
ASIATIC RUSSIA,UB8S
ASIATIC RUSSIA,UB8U
ASIATIC RUSSIA,UB8V
ASIATIC RUSSIA,UB8W
ASIATIC RUSSIA,UB8Y
ASIATIC RUSSIA,UB8Z
EUROPEAN RUSSIA,UB9X
ASIATIC RUSSIA,UB9H
ASIATIC RUSSIA,UB9I
ASIATIC RUSSIA,UB9O
ASIATIC RUSSIA,UB9P
ASIATIC RUSSIA,UB9S
ASIATIC RUSSIA,UB9T
ASIATIC RUSSIA,UB9V
ASIATIC RUSSIA,UB9U
ASIATIC RUSSIA,UB9W
ASIATIC RUSSIA,UB9Y
ASIATIC RUSSIA,UB9Z
ASIATIC RUSSIA,UB0Y
ASIATIC RUSSIA,UB0A
ASIATIC RUSSIA,UB0B
ASIATIC RUSSIA,UB0H
ASIATIC RUSSIA,UB0O
ASIATIC RUSSIA,UB0S
ASIATIC RUSSIA,UB0T
ASIATIC RUSSIA,UB0U
ASIATIC RUSSIA,UB0V
ASIATIC RUSSIA,UB0W
ASIATIC RUSSIA,UB0R
ASIATIC RUSSIA,RB0R
ASIATIC RUSSIA,RB0S
ASIATIC RUSSIA,RB0Y
ASIATIC RUSSIA,RB0A
ASIATIC RUSSIA,RB0B
ASIATIC RUSSIA,RB0H
ASIATIC RUSSIA,RB0O
ASIATIC RUSSIA,RB0T
ASIATIC RUSSIA,RB0U
ASIATIC RUSSIA,RB0V
ASIATIC RUSSIA,RB0W
ASIATIC RUSSIA,RB8I
ASIATIC RUSSIA,RB8H
ASIATIC RUSSIA,RB8O
ASIATIC RUSSIA,RB8P
ASIATIC RUSSIA,RB8T
ASIATIC RUSSIA,RB8S
ASIATIC RUSSIA,RB8U
ASIATIC RUSSIA,RB8V
EUROPEAN RUSSIA,RB8X
ASIATIC RUSSIA,RB8Y
ASIATIC RUSSIA,RB8Z
ASIATIC RUSSIA,RB8W
EUROPEAN RUSSIA,RB8F
EUROPEAN RUSSIA,RB8G
EUROPEAN RUSSIA,UB9F
EUROPEAN RUSSIA,UB9G
EUROPEAN RUSSIA,UB8F
EUROPEAN RUSSIA,RB9F
EUROPEAN RUSSIA,RB9G
EUROPEAN RUSSIA,RB9X
ASIATIC RUSSIA,RB9H
ASIATIC RUSSIA,RB9I
ASIATIC RUSSIA,RB9O
ASIATIC RUSSIA,RB9P
ASIATIC RUSSIA,RB9S
ASIATIC RUSSIA,RB9T
ASIATIC RUSSIA,RB9U
ASIATIC RUSSIA,RB9V
ASIATIC RUSSIA,RB9Y
ASIATIC RUSSIA,RB9Z
ASIATIC RUSSIA,UB8
ASIATIC RUSSIA,UB9
ASIATIC RUSSIA,RB8
ASIATIC RUSSIA,RB9
EUROPEAN RUSSIA,RA9G
EUROPEAN RUSSIA,UA9F
EUROPEAN RUSSIA,UA9X
EUROPEAN RUSSIA,RA9X
ASIATIC RUSSIA,UB0
ASIATIC RUSSIA,RB0
UKRAINE,US
UKRAINE,UV
ASIATIC RUSSIA,UA0
ASIATIC RUSSIA,UA0A
ASIATIC RUSSIA,UA0B
ASIATIC RUSSIA,UA0H
ASIATIC RUSSIA,UA0O
ASIATIC RUSSIA,UA0T
ASIATIC RUSSIA,UA0U
ASIATIC RUSSIA,UA0V
ASIATIC RUSSIA,UA0W
ASIATIC RUSSIA,UA0Y
ASIATIC RUSSIA,UA9I
ASIATIC RUSSIA,UA9H
ASIATIC RUSSIA,UA9O
ASIATIC RUSSIA,UA9P
ASIATIC RUSSIA,UA9S
ASIATIC RUSSIA,UA9T
ASIATIC RUSSIA,UA9W
ASIATIC RUSSIA,UA9U
ASIATIC RUSSIA,UA9V
ASIATIC RUSSIA,UA9Y
ASIATIC RUSSIA,UA9Z
ASIATIC RUSSIA,UA8I
ASIATIC RUSSIA,UA8
ASIATIC RUSSIA,UA8H
ASIATIC RUSSIA,UA8O
ASIATIC RUSSIA,UA8P
ASIATIC RUSSIA,UA8S
ASIATIC RUSSIA,UA8T
ASIATIC RUSSIA,UA8V
ASIATIC RUSSIA,UA8W
ASIATIC RUSSIA,UA8Y
ASIATIC RUSSIA,UA8Z
ASIATIC RUSSIA,RA0
ASIATIC RUSSIA,RA0H
ASIATIC RUSSIA,RA0O
ASIATIC RUSSIA,RA0U
ASIATIC RUSSIA,RA0T
ASIATIC RUSSIA,RA0V
ASIATIC RUSSIA,RA0W
ASIATIC RUSSIA,RA0Y
ASIATIC RUSSIA,RA9
ASIATIC RUSSIA,RA9H
ASIATIC RUSSIA,RA9I
ASIATIC RUSSIA,RA9O
ASIATIC RUSSIA,RA9P
ASIATIC RUSSIA,RA9S
EUROPEAN RUSSIA,RA9F
ASIATIC RUSSIA,RA9T
ASIATIC RUSSIA,RA9V
ASIATIC RUSSIA,RA9U
ASIATIC RUSSIA,RA9W
ASIATIC RUSSIA,RA9Y
ASIATIC RUSSIA,RA9Z
ASIATIC RUSSIA,RA8
ASIATIC RUSSIA,RA8T
ASIATIC RUSSIA,RA8V
ASIATIC RUSSIA,RA8H
ASIATIC RUSSIA,RA8I
ASIATIC RUSSIA,RA8O
ASIATIC RUSSIA,RA8P
ASIATIC RUSSIA,RA8S
ASIATIC RUSSIA,UA8U
ASIATIC RUSSIA,RA8U
ASIATIC RUSSIA,RA8W
ASIATIC RUSSIA,RA8Y
ASIATIC RUSSIA,RA8Z
EUROPEAN RUSSIA,R
ASIATIC RUSSIA,RZ0
ASIATIC RUSSIA,RZ0A
ASIATIC RUSSIA,RZ0B
ASIATIC RUSSIA,RZ0H
ASIATIC RUSSIA,RZ0O
ASIATIC RUSSIA,RZ0S
ASIATIC RUSSIA,RZ0R
ASIATIC RUSSIA,RZ0T
ASIATIC RUSSIA,RZ0U
ASIATIC RUSSIA,RZ0V
ASIATIC RUSSIA,RZ0W
ASIATIC RUSSIA,UA9
ASIATIC RUSSIA,RZ8H
ASIATIC RUSSIA,RZ8I
ASIATIC RUSSIA,RZ8O
ASIATIC RUSSIA,RZ8P
ASIATIC RUSSIA,RZ8S
ASIATIC RUSSIA,RZ8T
ASIATIC RUSSIA,RZ8U
ASIATIC RUSSIA,RZ8V
ASIATIC RUSSIA,RZ8W
ASIATIC RUSSIA,RZ8Y
ASIATIC RUSSIA,RZ8Z
ASIATIC RUSSIA,RZ9S
ASIATIC RUSSIA,RZ9T
ASIATIC RUSSIA,RZ9W
EUROPEAN RUSSIA,RZ9F
ASIATIC RUSSIA,RZ9H
ASIATIC RUSSIA,RZ9I
ASIATIC RUSSIA,RZ9O
ASIATIC RUSSIA,R9U
ASIATIC RUSSIA,RZ9U
ASIATIC RUSSIA,RZ9P
ASIATIC RUSSIA,RZ9V
ASIATIC RUSSIA,RZ9Y
ASIATIC RUSSIA,RZ9Z
KALININGRAD,UA2
INDONESIA,PK
KALININGRAD,UB2
KALININGRAD,UC2
KALININGRAD,UD2
KALININGRAD,UF2
KALININGRAD,UG2
KALININGRAD,UH2
KALININGRAD,UI2
ASIATIC RUSSIA,RZ9
ASIATIC RUSSIA,RY0R
ASIATIC RUSSIA,RY0S
ASIATIC RUSSIA,RY0A
ASIATIC RUSSIA,RY0H
ASIATIC RUSSIA,RY0B
ASIATIC RUSSIA,RY0O
ASIATIC RUSSIA,RY0T
ASIATIC RUSSIA,RY0U
ASIATIC RUSSIA,RY0V
ASIATIC RUSSIA,RY0
ASIATIC RUSSIA,RY8
ASIATIC RUSSIA,RZ8
ASIATIC RUSSIA,RY8H
ASIATIC RUSSIA,RY8I
ASIATIC RUSSIA,RY8O
ASIATIC RUSSIA,RY8P
ASIATIC RUSSIA,RY8S
ASIATIC RUSSIA,RY8T
ASIATIC RUSSIA,RY8U
ASIATIC RUSSIA,RY8V
ASIATIC RUSSIA,RY8W
ASIATIC RUSSIA,RY8Y
ASIATIC RUSSIA,RY8Z
ASIATIC RUSSIA,RY9H
ASIATIC RUSSIA,RY9I
ASIATIC RUSSIA,RI9O
ASIATIC RUSSIA,RY9O
ASIATIC RUSSIA,RY9P
ASIATIC RUSSIA,RY9S
ASIATIC RUSSIA,RY9T
ASIATIC RUSSIA,RY9U
ASIATIC RUSSIA,RY9V
ASIATIC RUSSIA,RY9W
ASIATIC RUSSIA,RY9Y
ASIATIC RUSSIA,RY9Z
ASIATIC RUSSIA,RY9
ASIATIC RUSSIA,RX0
ASIATIC RUSSIA,RX0A
ASIATIC RUSSIA,RX0B
ASIATIC RUSSIA,RX0H
ASIATIC RUSSIA,RX0O
ASIATIC RUSSIA,RX0R
ASIATIC RUSSIA,RX0S
ASIATIC RUSSIA,RX0T
ASIATIC RUSSIA,RX0U
ASIATIC RUSSIA,RX0V
ASIATIC RUSSIA,RX0W
ASIATIC RUSSIA,U0B
ASIATIC RUSSIA,R0H
ASIATIC RUSSIA,RK8V
ASIATIC RUSSIA,RX8V
ASIATIC RUSSIA,RX8
EUROPEAN RUSSIA,UA8F
EUROPEAN RUSSIA,RX8X
EUROPEAN RUSSIA,RX8F
EUROPEAN RUSSIA,RZ8X
EUROPEAN RUSSIA,RX8G
EUROPEAN RUSSIA,RZ8F
EUROPEAN RUSSIA,RZ8G
EUROPEAN RUSSIA,RZ9G
EUROPEAN RUSSIA,RZ9X
EUROPEAN RUSSIA,RZ9X
EUROPEAN RUSSIA,UA9G
EUROPEAN RUSSIA,RY9X
EUROPEAN RUSSIA,RY9F
EUROPEAN RUSSIA,RY9G
EUROPEAN RUSSIA,RY8X
EUROPEAN RUSSIA,RY8F
EUROPEAN RUSSIA,RY8G
EUROPEAN RUSSIA,UA8G
EUROPEAN RUSSIA,UA8X
ASIATIC RUSSIA,RX8H
ASIATIC RUSSIA,RX8I
ASIATIC RUSSIA,RX8O
ASIATIC RUSSIA,RX8P
ASIATIC RUSSIA,RX8S
ASIATIC RUSSIA,RX8T
ASIATIC RUSSIA,RX8U
ASIATIC RUSSIA,RX8W
ASIATIC RUSSIA,RX8Y
ASIATIC RUSSIA,RX8Z
EUROPEAN RUSSIA,RX9F
EUROPEAN RUSSIA,RX9G
EUROPEAN RUSSIA,RX9X
ASIATIC RUSSIA,RX9H
ASIATIC RUSSIA,RX9I
ASIATIC RUSSIA,RX9O
ASIATIC RUSSIA,RX9P
ASIATIC RUSSIA,RX9S
ASIATIC RUSSIA,RX9T
ASIATIC RUSSIA,RX9U
ASIATIC RUSSIA,RX9V
ASIATIC RUSSIA,RX9W
ASIATIC RUSSIA,RX9Y
ASIATIC RUSSIA,RX9
ASIATIC RUSSIA,RW0R
ASIATIC RUSSIA,RW0S
TROMELIN ISLAND,FR/T
GLORIOSO ISLAND,FR/G
JUAN DE NOVA, EUROPA,FR/J
JUAN DE NOVA, EUROPA,FR/E
TROMELIN ISLAND,FT4T
GLORIOSO ISLAND,FT5G
JUAN DE NOVA, EUROPA,FT4J
NORFOLK ISLAND,VI9
CHRISTMAS ISLAND,VI9X
PALMYRA & JARVIS ISLANDS,AH5
PALMYRA & JARVIS ISLANDS,KH5
PALMYRA & JARVIS ISLANDS,NH5
PALMYRA & JARVIS ISLANDS,WH5
ASIATIC RUSSIA,RY0W
MEXICO,XA
UNITED NATIONS HQ,4U/U
ITU HQ,4U/I
NEW ZEALAND SUBANTARCTIC ISLANDS,ZL9
INVALID,9M9
NEW ZEALAND,ZL
NEW ZEALAND,ZM
KERMADEC ISLAND,ZM8
ISRAEL,4Z
ISRAEL,4X
HEARD ISLAND,VK0H
SOUTH SANDWICH ISLANDS,VP8/S
CROZET ISLAND,FT5/W
KERGUELEN ISLAND,FT5/X
INVALID,FB8
BERMUDA,VP9
PRATAS ISLAND,BU9P
PRATAS ISLAND,BQ9P
PRATAS ISLAND,BV9P
PRATAS ISLAND,BW9P
PRATAS ISLAND,BX9P
PRATAS ISLAND,BM9P
PRATAS ISLAND,BN9P
PRATAS ISLAND,BO9P
PRATAS ISLAND,BP9P
SAN FELIX ISLANDS,CE0X
SAN FELIX ISLANDS,3G0X
SAN FELIX ISLANDS,CA0X
SAN FELIX ISLANDS,CB0X
SAN FELIX ISLANDS,CC0X
SAN FELIX ISLANDS,CD0X
SAN FELIX ISLANDS,XQ0X
SAN FELIX ISLANDS,XR0X
